model,MAPE
DoubleExpSmooth,0.11990719719559308
SimpleExpSmooth,0.12466854865663958
TreeModel,0.12755138772430732
AdaptiveExpSmooth,0.13195962479412024
SARIMAX,0.13202566719445624
WeightedMA,0.13630364808263487
ETS,0.1429848632911751
Prophet,0.18758851093944207
AutoARIMA,
